{"assets/audio/answer_tip.mp3":["assets/audio/answer_tip.mp3"],"assets/audio/gameover_tip.mp3":["assets/audio/gameover_tip.mp3"],"assets/audio/victory_tip.mp3":["assets/audio/victory_tip.mp3"],"assets/audio/wrong_tip.mp3":["assets/audio/wrong_tip.mp3"],"assets/image/about_me.jpg":["assets/image/about_me.jpg"],"assets/image/homeBg.jpg":["assets/image/homeBg.jpg"],"assets/image/icon_eraser.png":["assets/image/icon_eraser.png"],"assets/image/icon_idea.png":["assets/image/icon_idea.png"],"assets/image/icon_life.png":["assets/image/icon_life.png"],"assets/image/sudoku_logo.png":["assets/image/sudoku_logo.png"],"packages/cupertino_icons/assets/CupertinoIcons.ttf":["packages/cupertino_icons/assets/CupertinoIcons.ttf"]}